-- phpMyAdmin SQL Dump
-- version 5.1.1deb5ubuntu1
-- https://www.phpmyadmin.net/
--
-- Servidor: localhost:3306
-- Temps de generació: 09-01-2023 a les 12:27:26
-- Versió del servidor: 8.0.31-0ubuntu0.22.04.1
-- Versió de PHP: 8.1.2-1ubuntu2.8

SET SQL_MODE = "NO_AUTO_VALUE_ON_ZERO";
START TRANSACTION;
SET time_zone = "+00:00";


/*!40101 SET @OLD_CHARACTER_SET_CLIENT=@@CHARACTER_SET_CLIENT */;
/*!40101 SET @OLD_CHARACTER_SET_RESULTS=@@CHARACTER_SET_RESULTS */;
/*!40101 SET @OLD_COLLATION_CONNECTION=@@COLLATION_CONNECTION */;
/*!40101 SET NAMES utf8mb4 */;

--
-- Base de dades: `eleccions`
--

-- --------------------------------------------------------

--
-- Estructura de la taula `candidatures`
--

CREATE TABLE `candidatures` (
  `partit` varchar(20) NOT NULL,
  `demarcacio` varchar(200) NOT NULL
) ENGINE=InnoDB DEFAULT CHARSET=utf8mb4 COLLATE=utf8mb4_general_ci;

--
-- Bolcament de dades per a la taula `candidatures`
--

INSERT INTO `candidatures` (`partit`, `demarcacio`) VALUES
('Cs', 'Barcelona'),
('CUP-G', 'Barcelona'),
('EB', 'Barcelona'),
('ECP-PEC', 'Barcelona'),
('ERC', 'Barcelona'),
('FNC', 'Barcelona'),
('IZQP', 'Barcelona'),
('JxCat', 'Barcelona'),
('M+J', 'Barcelona'),
('MPIC', 'Barcelona'),
('PACMA', 'Barcelona'),
('PCPC', 'Barcelona'),
('PCTC', 'Barcelona'),
('PdeCAT', 'Barcelona'),
('PFiV', 'Barcelona'),
('PNC', 'Barcelona'),
('PP', 'Barcelona'),
('PSC', 'Barcelona'),
('RECORTES CERO-GV-M', 'Barcelona'),
('UNIDOS-def-PDSJE-Som', 'Barcelona'),
('VOLT', 'Barcelona'),
('VOX', 'Barcelona'),
('Cs', 'Girona'),
('CUP-G', 'Girona'),
('ECP-PEC', 'Girona'),
('ERC', 'Girona'),
('FNC', 'Girona'),
('IZQP', 'Girona'),
('JxCat', 'Girona'),
('M+J', 'Girona'),
('MPIC', 'Girona'),
('PACMA', 'Girona'),
('PCPC', 'Girona'),
('PCTC', 'Girona'),
('PdeCAT', 'Girona'),
('PNC', 'Girona'),
('PP', 'Girona'),
('PSC', 'Girona'),
('RECORTES CERO-GV-M', 'Girona'),
('VOX', 'Girona'),
('Cs', 'Lleida'),
('CUP-G', 'Lleida'),
('EB', 'Lleida'),
('ECP-PEC', 'Lleida'),
('ERC', 'Lleida'),
('FNC', 'Lleida'),
('IZQP', 'Lleida'),
('JxCat', 'Lleida'),
('M+J', 'Lleida'),
('MPIC', 'Lleida'),
('PCPC', 'Lleida'),
('PCTC', 'Lleida'),
('PdeCAT', 'Lleida'),
('PNC', 'Lleida'),
('PP', 'Lleida'),
('PSC', 'Lleida'),
('RECORTES CERO-GV-M', 'Lleida'),
('VOX', 'Lleida'),
('Cs', 'Tarragona'),
('CUP-G', 'Tarragona'),
('EB', 'Tarragona'),
('ECP-PEC', 'Tarragona'),
('ERC', 'Tarragona'),
('FNC', 'Tarragona'),
('JxCat', 'Tarragona'),
('M+J', 'Tarragona'),
('MPIC', 'Tarragona'),
('PACMA', 'Tarragona'),
('PCPC', 'Tarragona'),
('PCTC', 'Tarragona'),
('PdeCAT', 'Tarragona'),
('PNC', 'Tarragona'),
('PP', 'Tarragona'),
('PSC', 'Tarragona'),
('UNIDOS-def-PDSJE-Som', 'Tarragona'),
('VOX', 'Tarragona');

-- --------------------------------------------------------

--
-- Estructura de la taula `comarques`
--

CREATE TABLE `comarques` (
  `comarca` varchar(200) NOT NULL
) ENGINE=InnoDB DEFAULT CHARSET=utf8mb4 COLLATE=utf8mb4_general_ci;

--
-- Bolcament de dades per a la taula `comarques`
--

INSERT INTO `comarques` (`comarca`) VALUES
('Alt Camp'),
('Alt Empordà'),
('Alt Penedès'),
('Alt Urgell'),
('Alta Ribagorça'),
('Anoia'),
('Aran'),
('Bages'),
('Baix Camp'),
('Baix Ebre'),
('Baix Empordà'),
('Baix Llobregat'),
('Baix Penedès'),
('Barcelonès'),
('Berguedà'),
('Cerdanya'),
('Conca de Barberà'),
('Garraf'),
('Garrigues'),
('Garrotxa'),
('Gironès'),
('Maresme'),
('Moianès'),
('Montsià'),
('Noguera'),
('Osona'),
('Pallars Jussà'),
('Pallars Sobirà'),
('Pla d\'Urgell'),
('Pla de l\'Estany'),
('Priorat'),
('Ribera d\'Ebre'),
('Ripollès'),
('Segarra'),
('Segrià'),
('Selva'),
('Solsonès'),
('Tarragonès'),
('Terra Alta'),
('Urgell'),
('Vallès Occidental'),
('Vallès Oriental');

-- --------------------------------------------------------

--
-- Estructura de la taula `demarcacions`
--

CREATE TABLE `demarcacions` (
  `nom` varchar(200) NOT NULL,
  `escons` int NOT NULL DEFAULT '0'
) ENGINE=InnoDB DEFAULT CHARSET=utf8mb4 COLLATE=utf8mb4_general_ci;

--
-- Bolcament de dades per a la taula `demarcacions`
--

INSERT INTO `demarcacions` (`nom`, `escons`) VALUES
('Barcelona', 85),
('Girona', 17),
('Lleida', 15),
('Tarragona', 18);

-- --------------------------------------------------------

--
-- Estructura de la taula `escons`
--

CREATE TABLE `escons` (
  `partit` varchar(20) NOT NULL,
  `demarcacio` varchar(200) NOT NULL,
  `escons` int NOT NULL
) ENGINE=InnoDB DEFAULT CHARSET=utf8mb4 COLLATE=utf8mb4_general_ci;

-- --------------------------------------------------------

--
-- Estructura de la taula `partits`
--

CREATE TABLE `partits` (
  `curt` varchar(20) NOT NULL,
  `nom` varchar(200) NOT NULL,
  `color` varchar(10) NOT NULL
) ENGINE=InnoDB DEFAULT CHARSET=utf8mb4 COLLATE=utf8mb4_general_ci;

--
-- Bolcament de dades per a la taula `partits`
--

INSERT INTO `partits` (`curt`, `nom`, `color`) VALUES
('ALIANZA C V', 'Alianza Por El Comercio y la Vivienda', '#304FFE'),
('Cs', 'Ciutadans - Partido de la Ciudadanía', '#FF7200'),
('CUP-G', 'Candidatura D’unitat Popular - un nou cicle per Guanyar', '#FFFB00'),
('EB', 'Escons en Blanc', '#595959FF'),
('ECP-PEC', 'En Comú Podem - Podem en Comú', '#9A00FF'),
('ERC', 'Esquerra Republicana de Catalunya', '#FFC500'),
('FNC', 'Front Nacional de Catalunya', '#3949AB'),
('IZQP', 'Izquierda en Positivo', '#00BFA5'),
('JxCat', 'Junts per Catalunya', '#00FFA9'),
('LLEM', 'Agrupació d\'Electors Lleida en Marxa', '#00ACC1'),
('M.C.R.', 'Moviment Corrent Roig', '#F55828FF'),
('M+J', 'Per un Món Més Just', '#00C853'),
('MPIC', 'Moviment Primaries per la Independencia de Catalunya', '#FDD835'),
('PACMA', 'Partit Animalista Contra El Maltractament Animal', '#A8B521FF'),
('PCPC', 'Partit Comunista del Poble de Catalunya', '#1A237E'),
('PCTC', 'Partit Comunista dels Treballadors de Catalunya', '#8A1111FF'),
('PdeCAT', 'Partit democrata Europeu Català', '#0013FF'),
('PFiV', 'Partido Familia i Vida', '#9C27B0'),
('PNC', 'Partit Nacionalista de Catalunya', '#E53935'),
('PP', 'Partit Popular', '#3399FF'),
('PSC', 'Partit dels Socialistes de Catalunya', '#FF0000'),
('RECORTES CERO-GV-M', 'Recortes Cero - Grup Verd - Municipalistes', '#64DD17'),
('SCAT', 'Suport Civil Català', '#1DE9B6'),
('SOM TERRES DE L\'EBRE', 'Som Terres de L\'Ebre', '#FFD900FF'),
('UEP', 'Unión Europea de Pensionistas', '#FFC400'),
('UNIDOS-def-PDSJE-Som', 'Unidos por la democracia + jubilados', '#FF6F00'),
('VOLT', 'Volt Europa', '#00B8D4'),
('VOX', 'Vox', '#2EFF00');

-- --------------------------------------------------------

--
-- Estructura de la taula `poblacions`
--

CREATE TABLE `poblacions` (
  `poblacio` varchar(200) NOT NULL,
  `comarca` varchar(200) NOT NULL,
  `demarcacio` varchar(200) NOT NULL
) ENGINE=InnoDB DEFAULT CHARSET=utf8mb4 COLLATE=utf8mb4_general_ci;

--
-- Bolcament de dades per a la taula `poblacions`
--

INSERT INTO `poblacions` (`poblacio`, `comarca`, `demarcacio`) VALUES
('Abella de la Conca', 'Pallars Jussà', 'Lleida'),
('Abrera', 'Baix Llobregat', 'Barcelona'),
('Àger', 'Noguera', 'Lleida'),
('Agramunt', 'Urgell', 'Lleida'),
('Aguilar de Segarra', 'Bages', 'Barcelona'),
('Agullana', 'Alt Empordà', 'Girona'),
('Aiguafreda', 'Vallès Oriental', 'Barcelona'),
('Aiguamúrcia', 'Alt Camp', 'Tarragona'),
('Aiguaviva', 'Gironès', 'Girona'),
('Aitona', 'Segrià', 'Lleida'),
('Alamús, els', 'Segrià', 'Lleida'),
('Alàs i Cerc', 'Alt Urgell', 'Lleida'),
('Albagés, l\'', 'Garrigues', 'Lleida'),
('Albanyà', 'Alt Empordà', 'Girona'),
('Albatàrrec', 'Segrià', 'Lleida'),
('Albesa', 'Noguera', 'Lleida'),
('Albi, l\'', 'Garrigues', 'Lleida'),
('Albinyana', 'Baix Penedès', 'Tarragona'),
('Albiol, l\'', 'Baix Camp', 'Tarragona'),
('Albons', 'Baix Empordà', 'Girona'),
('Alcanar', 'Montsià', 'Tarragona'),
('Alcanó', 'Segrià', 'Lleida'),
('Alcarràs', 'Segrià', 'Lleida'),
('Alcoletge', 'Segrià', 'Lleida'),
('Alcover', 'Alt Camp', 'Tarragona'),
('Aldea, l\'', 'Baix Ebre', 'Tarragona'),
('Aldover', 'Baix Ebre', 'Tarragona'),
('Aleixar, l\'', 'Baix Camp', 'Tarragona'),
('Alella', 'Maresme', 'Barcelona'),
('Alfara de Carles', 'Baix Ebre', 'Tarragona'),
('Alfarràs', 'Segrià', 'Lleida'),
('Alfés', 'Segrià', 'Lleida'),
('Alforja', 'Baix Camp', 'Tarragona'),
('Algerri', 'Noguera', 'Lleida'),
('Alguaire', 'Segrià', 'Lleida'),
('Alins', 'Pallars Sobirà', 'Lleida'),
('Alió', 'Alt Camp', 'Tarragona'),
('Almacelles', 'Segrià', 'Lleida'),
('Almatret', 'Segrià', 'Lleida'),
('Almenar', 'Segrià', 'Lleida'),
('Almoster', 'Baix Camp', 'Tarragona'),
('Alòs de Balaguer', 'Noguera', 'Lleida'),
('Alp', 'Cerdanya', 'Girona'),
('Alpens', 'Osona', 'Barcelona'),
('Alpicat', 'Segrià', 'Lleida'),
('Alt Àneu', 'Pallars Sobirà', 'Lleida'),
('Altafulla', 'Tarragonès', 'Tarragona'),
('Amer', 'Selva', 'Girona'),
('Ametlla de Mar, l\'', 'Baix Ebre', 'Tarragona'),
('Ametlla del Vallès, l\'', 'Vallès Oriental', 'Barcelona'),
('Ampolla, l\'', 'Baix Ebre', 'Tarragona'),
('Amposta', 'Montsià', 'Tarragona'),
('Anglès', 'Selva', 'Girona'),
('Anglesola', 'Urgell', 'Lleida'),
('Arbeca', 'Garrigues', 'Lleida'),
('Arboç, l\'', 'Baix Penedès', 'Tarragona'),
('Arbolí', 'Baix Camp', 'Tarragona'),
('Arbúcies', 'Selva', 'Girona'),
('Arenys de Mar', 'Maresme', 'Barcelona'),
('Arenys de Munt', 'Maresme', 'Barcelona'),
('Argelaguer', 'Garrotxa', 'Girona'),
('Argençola', 'Anoia', 'Barcelona'),
('Argentera, l\'', 'Baix Camp', 'Tarragona'),
('Argentona', 'Maresme', 'Barcelona'),
('Armentera, l\'', 'Alt Empordà', 'Girona'),
('Arnes', 'Terra Alta', 'Tarragona'),
('Arres', 'Aran', 'Lleida'),
('Arsèguel', 'Alt Urgell', 'Lleida'),
('Artés', 'Bages', 'Barcelona'),
('Artesa de Lleida', 'Segrià', 'Lleida'),
('Artesa de Segre', 'Noguera', 'Lleida'),
('Ascó', 'Ribera d\'Ebre', 'Tarragona'),
('Aspa', 'Segrià', 'Lleida'),
('Avellanes i Santa Linya, les', 'Noguera', 'Lleida'),
('Avià', 'Berguedà', 'Barcelona'),
('Avinyó', 'Bages', 'Barcelona'),
('Avinyonet de Puigventós', 'Alt Empordà', 'Girona'),
('Avinyonet del Penedès', 'Alt Penedès', 'Barcelona'),
('Badalona', 'Barcelonès', 'Barcelona'),
('Badia del Vallès', 'Vallès Occidental', 'Barcelona'),
('Bagà', 'Berguedà', 'Barcelona'),
('Baix Pallars', 'Pallars Sobirà', 'Lleida'),
('Balaguer', 'Noguera', 'Lleida'),
('Balenyà', 'Osona', 'Barcelona'),
('Balsareny', 'Bages', 'Barcelona'),
('Banyeres del Penedès', 'Baix Penedès', 'Tarragona'),
('Banyoles', 'Pla de l\'Estany', 'Girona'),
('Barbens', 'Pla d\'Urgell', 'Lleida'),
('Barberà de la Conca', 'Conca de Barberà', 'Tarragona'),
('Barberà del Vallès', 'Vallès Occidental', 'Barcelona'),
('Barcelona', 'Barcelonès', 'Barcelona'),
('Baronia de Rialb, la', 'Noguera', 'Lleida'),
('Bàscara', 'Alt Empordà', 'Girona'),
('Bassella', 'Alt Urgell', 'Lleida'),
('Batea', 'Terra Alta', 'Tarragona'),
('Bausen', 'Aran', 'Lleida'),
('Begues', 'Baix Llobregat', 'Barcelona'),
('Begur', 'Baix Empordà', 'Girona'),
('Belianes', 'Urgell', 'Lleida'),
('Bell-lloc d\'Urgell', 'Pla d\'Urgell', 'Lleida'),
('Bellaguarda', 'Garrigues', 'Lleida'),
('Bellcaire d\'Empordà', 'Baix Empordà', 'Girona'),
('Bellcaire d\'Urgell', 'Noguera', 'Lleida'),
('Bellmunt d\'Urgell', 'Noguera', 'Lleida'),
('Bellmunt del Priorat', 'Priorat', 'Tarragona'),
('Bellprat', 'Anoia', 'Barcelona'),
('Bellpuig', 'Urgell', 'Lleida'),
('Bellvei', 'Baix Penedès', 'Tarragona'),
('Bellver de Cerdanya', 'Cerdanya', 'Lleida'),
('Bellvís', 'Pla d\'Urgell', 'Lleida'),
('Benavent de Segrià', 'Segrià', 'Lleida'),
('Benifallet', 'Baix Ebre', 'Tarragona'),
('Benissanet', 'Ribera d\'Ebre', 'Tarragona'),
('Berga', 'Berguedà', 'Barcelona'),
('Besalú', 'Garrotxa', 'Girona'),
('Bescanó', 'Gironès', 'Girona'),
('Beuda', 'Garrotxa', 'Girona'),
('Bigues i Riells del Fai', 'Vallès Oriental', 'Barcelona'),
('Biosca', 'Segarra', 'Lleida'),
('Bisbal d\'Empordà, la', 'Baix Empordà', 'Girona'),
('Bisbal de Falset, la', 'Priorat', 'Tarragona'),
('Bisbal del Penedès, la', 'Baix Penedès', 'Tarragona'),
('Biure', 'Alt Empordà', 'Girona'),
('Blancafort', 'Conca de Barberà', 'Tarragona'),
('Blanes', 'Selva', 'Girona'),
('Boadella i les Escaules', 'Alt Empordà', 'Girona'),
('Bolvir', 'Cerdanya', 'Girona'),
('Bonastre', 'Baix Penedès', 'Tarragona'),
('Bòrdes, Es', 'Aran', 'Lleida'),
('Bordils', 'Gironès', 'Girona'),
('Borges Blanques, les', 'Garrigues', 'Lleida'),
('Borges del Camp, les', 'Baix Camp', 'Tarragona'),
('Borrassà', 'Alt Empordà', 'Girona'),
('Borredà', 'Berguedà', 'Barcelona'),
('Bossòst', 'Aran', 'Lleida'),
('Bot', 'Terra Alta', 'Tarragona'),
('Botarell', 'Baix Camp', 'Tarragona'),
('Bovera', 'Garrigues', 'Lleida'),
('Bràfim', 'Alt Camp', 'Tarragona'),
('Breda', 'Selva', 'Girona'),
('Bruc, el', 'Anoia', 'Barcelona'),
('Brull, el', 'Osona', 'Barcelona'),
('Brunyola i Sant Martí Sapresa', 'Selva', 'Girona'),
('Cabacés', 'Priorat', 'Tarragona'),
('Cabanabona', 'Noguera', 'Lleida'),
('Cabanelles', 'Alt Empordà', 'Girona'),
('Cabanes', 'Alt Empordà', 'Girona'),
('Cabanyes, les', 'Alt Penedès', 'Barcelona'),
('Cabó', 'Alt Urgell', 'Lleida'),
('Cabra del Camp', 'Alt Camp', 'Tarragona'),
('Cabrera d\'Anoia', 'Anoia', 'Barcelona'),
('Cabrera de Mar', 'Maresme', 'Barcelona'),
('Cabrils', 'Maresme', 'Barcelona'),
('Cadaqués', 'Alt Empordà', 'Girona'),
('Calaf', 'Anoia', 'Barcelona'),
('Calafell', 'Baix Penedès', 'Tarragona'),
('Calders', 'Moianès', 'Barcelona'),
('Caldes d\'Estrac', 'Maresme', 'Barcelona'),
('Caldes de Malavella', 'Selva', 'Girona'),
('Caldes de Montbui', 'Vallès Oriental', 'Barcelona'),
('Calella', 'Maresme', 'Barcelona'),
('Calldetenes', 'Osona', 'Barcelona'),
('Callús', 'Bages', 'Barcelona'),
('Calonge de Segarra', 'Anoia', 'Barcelona'),
('Calonge i Sant Antoni', 'Baix Empordà', 'Girona'),
('Camarasa', 'Noguera', 'Lleida'),
('Camarles', 'Baix Ebre', 'Tarragona'),
('Cambrils', 'Baix Camp', 'Tarragona'),
('Camós', 'Pla de l\'Estany', 'Girona'),
('Campdevànol', 'Ripollès', 'Girona'),
('Campelles', 'Ripollès', 'Girona'),
('Campins', 'Vallès Oriental', 'Barcelona'),
('Campllong', 'Gironès', 'Girona'),
('Camprodon', 'Ripollès', 'Girona'),
('Canejan', 'Aran', 'Lleida'),
('Canet d\'Adri', 'Gironès', 'Girona'),
('Canet de Mar', 'Maresme', 'Barcelona'),
('Canonja, la', 'Tarragonès', 'Tarragona'),
('Canovelles', 'Vallès Oriental', 'Barcelona'),
('Cànoves i Samalús', 'Vallès Oriental', 'Barcelona'),
('Cantallops', 'Alt Empordà', 'Girona'),
('Canyelles', 'Garraf', 'Barcelona'),
('Capafonts', 'Baix Camp', 'Tarragona'),
('Capçanes', 'Priorat', 'Tarragona'),
('Capellades', 'Anoia', 'Barcelona'),
('Capmany', 'Alt Empordà', 'Girona'),
('Capolat', 'Berguedà', 'Barcelona'),
('Cardedeu', 'Vallès Oriental', 'Barcelona'),
('Cardona', 'Bages', 'Barcelona'),
('Carme', 'Anoia', 'Barcelona'),
('Caseres', 'Terra Alta', 'Tarragona'),
('Cassà de la Selva', 'Gironès', 'Girona'),
('Casserres', 'Berguedà', 'Barcelona'),
('Castell de l\'Areny', 'Berguedà', 'Barcelona'),
('Castell de Mur', 'Pallars Jussà', 'Lleida'),
('Castell-Platja d\'Aro', 'Baix Empordà', 'Girona'),
('Castellar de la Ribera', 'Solsonès', 'Lleida'),
('Castellar de n\'Hug', 'Berguedà', 'Barcelona'),
('Castellar del Riu', 'Berguedà', 'Barcelona'),
('Castellar del Vallès', 'Vallès Occidental', 'Barcelona'),
('Castellbell i el Vilar', 'Bages', 'Barcelona'),
('Castellbisbal', 'Vallès Occidental', 'Barcelona'),
('Castellcir', 'Moianès', 'Barcelona'),
('Castelldans', 'Garrigues', 'Lleida'),
('Castelldefels', 'Baix Llobregat', 'Barcelona'),
('Castellet i la Gornal', 'Alt Penedès', 'Barcelona'),
('Castellfollit de la Roca', 'Garrotxa', 'Girona'),
('Castellfollit de Riubregós', 'Anoia', 'Barcelona'),
('Castellfollit del Boix', 'Bages', 'Barcelona'),
('Castellgalí', 'Bages', 'Barcelona'),
('Castellnou de Bages', 'Bages', 'Barcelona'),
('Castellnou de Seana', 'Pla d\'Urgell', 'Lleida'),
('Castelló d\'Empúries', 'Alt Empordà', 'Girona'),
('Castelló de Farfanya', 'Noguera', 'Lleida'),
('Castellolí', 'Anoia', 'Barcelona'),
('Castellserà', 'Urgell', 'Lleida'),
('Castellterçol', 'Moianès', 'Barcelona'),
('Castellvell del Camp', 'Baix Camp', 'Tarragona'),
('Castellví de la Marca', 'Alt Penedès', 'Barcelona'),
('Castellví de Rosanes', 'Baix Llobregat', 'Barcelona'),
('Catllar, el', 'Tarragonès', 'Tarragona'),
('Cava', 'Alt Urgell', 'Lleida'),
('Cellera de Ter, la', 'Selva', 'Girona'),
('Celrà', 'Gironès', 'Girona'),
('Centelles', 'Osona', 'Barcelona'),
('Cercs', 'Berguedà', 'Barcelona'),
('Cerdanyola del Vallès', 'Vallès Occidental', 'Barcelona'),
('Cervelló', 'Baix Llobregat', 'Barcelona'),
('Cervera', 'Segarra', 'Lleida'),
('Cervià de les Garrigues', 'Garrigues', 'Lleida'),
('Cervià de Ter', 'Gironès', 'Girona'),
('Cistella', 'Alt Empordà', 'Girona'),
('Ciutadilla', 'Urgell', 'Lleida'),
('Clariana de Cardener', 'Solsonès', 'Lleida'),
('Cogul, el', 'Garrigues', 'Lleida'),
('Colera', 'Alt Empordà', 'Girona'),
('Coll de Nargó', 'Alt Urgell', 'Lleida'),
('Collbató', 'Baix Llobregat', 'Barcelona'),
('Colldejou', 'Baix Camp', 'Tarragona'),
('Collsuspina', 'Moianès', 'Barcelona'),
('Colomers', 'Baix Empordà', 'Girona'),
('Coma i la Pedra, la', 'Solsonès', 'Lleida'),
('Conca de Dalt', 'Pallars Jussà', 'Lleida'),
('Conesa', 'Conca de Barberà', 'Tarragona'),
('Constantí', 'Tarragonès', 'Tarragona'),
('Copons', 'Anoia', 'Barcelona'),
('Corbera d\'Ebre', 'Terra Alta', 'Tarragona'),
('Corbera de Llobregat', 'Baix Llobregat', 'Barcelona'),
('Corbins', 'Segrià', 'Lleida'),
('Corçà', 'Baix Empordà', 'Girona'),
('Cornellà de Llobregat', 'Baix Llobregat', 'Barcelona'),
('Cornellà del Terri', 'Pla de l\'Estany', 'Girona'),
('Cornudella de Montsant', 'Priorat', 'Tarragona'),
('Creixell', 'Tarragonès', 'Tarragona'),
('Crespià', 'Pla de l\'Estany', 'Girona'),
('Cruïlles, Monells i Sant Sadurní de l\'Heura', 'Baix Empordà', 'Girona'),
('Cubelles', 'Garraf', 'Barcelona'),
('Cubells', 'Noguera', 'Lleida'),
('Cunit', 'Baix Penedès', 'Tarragona'),
('Darnius', 'Alt Empordà', 'Girona'),
('Das', 'Cerdanya', 'Girona'),
('Deltebre', 'Baix Ebre', 'Tarragona'),
('Dosrius', 'Maresme', 'Barcelona'),
('Duesaigües', 'Baix Camp', 'Tarragona'),
('Escala, l\'', 'Alt Empordà', 'Girona'),
('Esparreguera', 'Baix Llobregat', 'Barcelona'),
('Espinelves', 'Osona', 'Barcelona'),
('Espluga Calba, l\'', 'Garrigues', 'Lleida'),
('Espluga de Francolí, l\'', 'Conca de Barberà', 'Tarragona'),
('Esplugues de Llobregat', 'Baix Llobregat', 'Barcelona'),
('Espolla', 'Alt Empordà', 'Girona'),
('Esponellà', 'Pla de l\'Estany', 'Girona'),
('Espot', 'Pallars Sobirà', 'Lleida'),
('Espunyola, l\'', 'Berguedà', 'Barcelona'),
('Esquirol, l\'', 'Osona', 'Barcelona'),
('Estamariu', 'Alt Urgell', 'Lleida'),
('Estany, l\'', 'Moianès', 'Barcelona'),
('Estaràs', 'Segarra', 'Lleida'),
('Esterri d\'Àneu', 'Pallars Sobirà', 'Lleida'),
('Esterri de Cardós', 'Pallars Sobirà', 'Lleida'),
('Falset', 'Priorat', 'Tarragona'),
('Far d\'Empordà, el', 'Alt Empordà', 'Girona'),
('Farrera', 'Pallars Sobirà', 'Lleida'),
('Fatarella, la', 'Terra Alta', 'Tarragona'),
('Febró, la', 'Baix Camp', 'Tarragona'),
('Figaró-Montmany', 'Vallès Oriental', 'Barcelona'),
('Fígols', 'Berguedà', 'Barcelona'),
('Fígols i Alinyà', 'Alt Urgell', 'Lleida'),
('Figuera, la', 'Priorat', 'Tarragona'),
('Figueres', 'Alt Empordà', 'Girona'),
('Figuerola del Camp', 'Alt Camp', 'Tarragona'),
('Flaçà', 'Gironès', 'Girona'),
('Flix', 'Ribera d\'Ebre', 'Tarragona'),
('Floresta, la', 'Garrigues', 'Lleida'),
('Fogars de la Selva', 'Selva', 'Girona'),
('Fogars de Montclús', 'Vallès Oriental', 'Barcelona'),
('Foixà', 'Baix Empordà', 'Girona'),
('Folgueroles', 'Osona', 'Barcelona'),
('Fondarella', 'Pla d\'Urgell', 'Lleida'),
('Fonollosa', 'Bages', 'Barcelona'),
('Font-rubí', 'Alt Penedès', 'Barcelona'),
('Fontanals de Cerdanya', 'Cerdanya', 'Girona'),
('Fontanilles', 'Baix Empordà', 'Girona'),
('Fontcoberta', 'Pla de l\'Estany', 'Girona'),
('Foradada', 'Noguera', 'Lleida'),
('Forallac', 'Baix Empordà', 'Girona'),
('Forès', 'Conca de Barberà', 'Tarragona'),
('Fornells de la Selva', 'Gironès', 'Girona'),
('Fortià', 'Alt Empordà', 'Girona'),
('Franqueses del Vallès, les', 'Vallès Oriental', 'Barcelona'),
('Freginals', 'Montsià', 'Tarragona'),
('Fuliola, la', 'Urgell', 'Lleida'),
('Fulleda', 'Garrigues', 'Lleida'),
('Gaià', 'Bages', 'Barcelona'),
('Galera, la', 'Montsià', 'Tarragona'),
('Gallifa', 'Vallès Occidental', 'Barcelona'),
('Gandesa', 'Terra Alta', 'Tarragona'),
('Garcia', 'Ribera d\'Ebre', 'Tarragona'),
('Garidells, els', 'Alt Camp', 'Tarragona'),
('Garriga, la', 'Vallès Oriental', 'Barcelona'),
('Garrigàs', 'Alt Empordà', 'Girona'),
('Garrigoles', 'Baix Empordà', 'Girona'),
('Garriguella', 'Alt Empordà', 'Girona'),
('Gavà', 'Baix Llobregat', 'Barcelona'),
('Gavet de la Conca', 'Pallars Jussà', 'Lleida'),
('Gelida', 'Alt Penedès', 'Barcelona'),
('Ger', 'Cerdanya', 'Girona'),
('Gimenells i el Pla de la Font', 'Segrià', 'Lleida'),
('Ginestar', 'Ribera d\'Ebre', 'Tarragona'),
('Girona', 'Gironès', 'Girona'),
('Gironella', 'Berguedà', 'Barcelona'),
('Gisclareny', 'Berguedà', 'Barcelona'),
('Godall', 'Montsià', 'Tarragona'),
('Golmés', 'Pla d\'Urgell', 'Lleida'),
('Gombrèn', 'Ripollès', 'Girona'),
('Gósol', 'Berguedà', 'Barcelona'),
('Granada, la', 'Alt Penedès', 'Barcelona'),
('Granadella, la', 'Garrigues', 'Lleida'),
('Granera', 'Moianès', 'Barcelona'),
('Granja d\'Escarp, la', 'Segrià', 'Lleida'),
('Granollers', 'Vallès Oriental', 'Barcelona'),
('Granyanella', 'Segarra', 'Lleida'),
('Granyena de les Garrigues', 'Garrigues', 'Lleida'),
('Granyena de Segarra', 'Segarra', 'Lleida'),
('Gratallops', 'Priorat', 'Tarragona'),
('Gualba', 'Vallès Oriental', 'Barcelona'),
('Gualta', 'Baix Empordà', 'Girona'),
('Guardiola de Berguedà', 'Berguedà', 'Barcelona'),
('Guiamets, els', 'Priorat', 'Tarragona'),
('Guils de Cerdanya', 'Cerdanya', 'Girona'),
('Guimerà', 'Urgell', 'Lleida'),
('Guingueta d\'Àneu, la', 'Pallars Sobirà', 'Lleida'),
('Guissona', 'Segarra', 'Lleida'),
('Guixers', 'Solsonès', 'Lleida'),
('Gurb', 'Osona', 'Barcelona'),
('Horta de Sant Joan', 'Terra Alta', 'Tarragona'),
('Hospitalet de Llobregat, l\'', 'Barcelonès', 'Barcelona'),
('Hostalets de Pierola, els', 'Anoia', 'Barcelona'),
('Hostalric', 'Selva', 'Girona'),
('Igualada', 'Anoia', 'Barcelona'),
('Isona i Conca Dellà', 'Pallars Jussà', 'Lleida'),
('Isòvol', 'Cerdanya', 'Girona'),
('Ivars d\'Urgell', 'Pla d\'Urgell', 'Lleida'),
('Ivars de Noguera', 'Noguera', 'Lleida'),
('Ivorra', 'Segarra', 'Lleida'),
('Jafre', 'Baix Empordà', 'Girona'),
('Jonquera, la', 'Alt Empordà', 'Girona'),
('Jorba', 'Anoia', 'Barcelona'),
('Josa i Tuixén', 'Alt Urgell', 'Lleida'),
('Juià', 'Gironès', 'Girona'),
('Juncosa', 'Garrigues', 'Lleida'),
('Juneda', 'Garrigues', 'Lleida'),
('Les', 'Aran', 'Lleida'),
('Linyola', 'Pla d\'Urgell', 'Lleida'),
('Llacuna, la', 'Anoia', 'Barcelona'),
('Lladó', 'Alt Empordà', 'Girona'),
('Lladorre', 'Pallars Sobirà', 'Lleida'),
('Lladurs', 'Solsonès', 'Lleida'),
('Llagosta, la', 'Vallès Oriental', 'Barcelona'),
('Llagostera', 'Gironès', 'Girona'),
('Llambilles', 'Gironès', 'Girona'),
('Llanars', 'Ripollès', 'Girona'),
('Llançà', 'Alt Empordà', 'Girona'),
('Llardecans', 'Segrià', 'Lleida'),
('Llavorsí', 'Pallars Sobirà', 'Lleida'),
('Lleida', 'Segrià', 'Lleida'),
('Llers', 'Alt Empordà', 'Girona'),
('Lles de Cerdanya', 'Cerdanya', 'Lleida'),
('Lliçà d\'Amunt', 'Vallès Oriental', 'Barcelona'),
('Lliçà de Vall', 'Vallès Oriental', 'Barcelona'),
('Llimiana', 'Pallars Jussà', 'Lleida'),
('Llinars del Vallès', 'Vallès Oriental', 'Barcelona'),
('Llívia', 'Cerdanya', 'Girona'),
('Lloar, el', 'Priorat', 'Tarragona'),
('Llobera', 'Solsonès', 'Lleida'),
('Llorac', 'Conca de Barberà', 'Tarragona'),
('Llorenç del Penedès', 'Baix Penedès', 'Tarragona'),
('Lloret de Mar', 'Selva', 'Girona'),
('Llosses, les', 'Ripollès', 'Girona'),
('Lluçà', 'Osona', 'Barcelona'),
('Maçanet de Cabrenys', 'Alt Empordà', 'Girona'),
('Maçanet de la Selva', 'Selva', 'Girona'),
('Madremanya', 'Gironès', 'Girona'),
('Maià de Montcal', 'Garrotxa', 'Girona'),
('Maials', 'Segrià', 'Lleida'),
('Maldà', 'Urgell', 'Lleida'),
('Malgrat de Mar', 'Maresme', 'Barcelona'),
('Malla', 'Osona', 'Barcelona'),
('Manlleu', 'Osona', 'Barcelona'),
('Manresa', 'Bages', 'Barcelona'),
('Marçà', 'Priorat', 'Tarragona'),
('Margalef', 'Priorat', 'Tarragona'),
('Marganell', 'Bages', 'Barcelona'),
('Martorell', 'Baix Llobregat', 'Barcelona'),
('Martorelles', 'Vallès Oriental', 'Barcelona'),
('Mas de Barberans', 'Montsià', 'Tarragona'),
('Masarac', 'Alt Empordà', 'Girona'),
('Masdenverge', 'Montsià', 'Tarragona'),
('Masies de Roda, les', 'Osona', 'Barcelona'),
('Masies de Voltregà, les', 'Osona', 'Barcelona'),
('Masllorenç', 'Baix Penedès', 'Tarragona'),
('Masnou, el', 'Maresme', 'Barcelona'),
('Masó, la', 'Alt Camp', 'Tarragona'),
('Maspujols', 'Baix Camp', 'Tarragona'),
('Masquefa', 'Anoia', 'Barcelona'),
('Masroig, el', 'Priorat', 'Tarragona'),
('Massalcoreig', 'Segrià', 'Lleida'),
('Massanes', 'Selva', 'Girona'),
('Massoteres', 'Segarra', 'Lleida'),
('Matadepera', 'Vallès Occidental', 'Barcelona'),
('Mataró', 'Maresme', 'Barcelona'),
('Mediona', 'Alt Penedès', 'Barcelona'),
('Menàrguens', 'Noguera', 'Lleida'),
('Meranges', 'Cerdanya', 'Girona'),
('Mieres', 'Garrotxa', 'Girona'),
('Milà, el', 'Alt Camp', 'Tarragona'),
('Miralcamp', 'Pla d\'Urgell', 'Lleida'),
('Miravet', 'Ribera d\'Ebre', 'Tarragona'),
('Moià', 'Moianès', 'Barcelona'),
('Molar, el', 'Priorat', 'Tarragona'),
('Molins de Rei', 'Baix Llobregat', 'Barcelona'),
('Mollerussa', 'Pla d\'Urgell', 'Lleida'),
('Mollet de Peralada', 'Alt Empordà', 'Girona'),
('Mollet del Vallès', 'Vallès Oriental', 'Barcelona'),
('Molló', 'Ripollès', 'Girona'),
('Molsosa, la', 'Solsonès', 'Lleida'),
('Monistrol de Calders', 'Moianès', 'Barcelona'),
('Monistrol de Montserrat', 'Bages', 'Barcelona'),
('Mont-ral', 'Alt Camp', 'Tarragona'),
('Mont-ras', 'Baix Empordà', 'Girona'),
('Mont-roig del Camp', 'Baix Camp', 'Tarragona'),
('Montagut i Oix', 'Garrotxa', 'Girona'),
('Montblanc', 'Conca de Barberà', 'Tarragona'),
('Montbrió del Camp', 'Baix Camp', 'Tarragona'),
('Montcada i Reixac', 'Vallès Occidental', 'Barcelona'),
('Montclar', 'Berguedà', 'Barcelona'),
('Montellà i Martinet', 'Cerdanya', 'Lleida'),
('Montesquiu', 'Osona', 'Barcelona'),
('Montferrer i Castellbò', 'Alt Urgell', 'Lleida'),
('Montferri', 'Alt Camp', 'Tarragona'),
('Montgai', 'Noguera', 'Lleida'),
('Montgat', 'Maresme', 'Barcelona'),
('Montmajor', 'Berguedà', 'Barcelona'),
('Montmaneu', 'Anoia', 'Barcelona'),
('Montmell, el', 'Baix Penedès', 'Tarragona'),
('Montmeló', 'Vallès Oriental', 'Barcelona'),
('Montoliu de Lleida', 'Segrià', 'Lleida'),
('Montoliu de Segarra', 'Segarra', 'Lleida'),
('Montornès de Segarra', 'Segarra', 'Lleida'),
('Montornès del Vallès', 'Vallès Oriental', 'Barcelona'),
('Montseny', 'Vallès Oriental', 'Barcelona'),
('Móra d\'Ebre', 'Ribera d\'Ebre', 'Tarragona'),
('Móra la Nova', 'Ribera d\'Ebre', 'Tarragona'),
('Morell, el', 'Tarragonès', 'Tarragona'),
('Morera de Montsant, la', 'Priorat', 'Tarragona'),
('Muntanyola', 'Osona', 'Barcelona'),
('Mura', 'Bages', 'Barcelona'),
('Nalec', 'Urgell', 'Lleida'),
('Naut Aran', 'Aran', 'Lleida'),
('Navarcles', 'Bages', 'Barcelona'),
('Navàs', 'Bages', 'Barcelona'),
('Navata', 'Alt Empordà', 'Girona'),
('Navès', 'Solsonès', 'Lleida'),
('Nou de Berguedà, la', 'Berguedà', 'Barcelona'),
('Nou de Gaià, la', 'Tarragonès', 'Tarragona'),
('Nulles', 'Alt Camp', 'Tarragona'),
('Odèn', 'Solsonès', 'Lleida'),
('Òdena', 'Anoia', 'Barcelona'),
('Ogassa', 'Ripollès', 'Girona'),
('Olèrdola', 'Alt Penedès', 'Barcelona'),
('Olesa de Bonesvalls', 'Alt Penedès', 'Barcelona'),
('Olesa de Montserrat', 'Baix Llobregat', 'Barcelona'),
('Oliana', 'Alt Urgell', 'Lleida'),
('Oliola', 'Noguera', 'Lleida'),
('Olius', 'Solsonès', 'Lleida'),
('Olivella', 'Garraf', 'Barcelona'),
('Olost', 'Osona', 'Barcelona'),
('Olot', 'Garrotxa', 'Girona'),
('Oluges, les', 'Segarra', 'Lleida'),
('Olvan', 'Berguedà', 'Barcelona'),
('Omellons, els', 'Garrigues', 'Lleida'),
('Omells de na Gaia, els', 'Urgell', 'Lleida'),
('Ordis', 'Alt Empordà', 'Girona'),
('Organyà', 'Alt Urgell', 'Lleida'),
('Orís', 'Osona', 'Barcelona'),
('Oristà', 'Osona', 'Barcelona'),
('Orpí', 'Anoia', 'Barcelona'),
('Òrrius', 'Maresme', 'Barcelona'),
('Os de Balaguer', 'Noguera', 'Lleida'),
('Osor', 'Selva', 'Girona'),
('Ossó de Sió', 'Urgell', 'Lleida'),
('Pacs del Penedès', 'Alt Penedès', 'Barcelona'),
('Palafolls', 'Maresme', 'Barcelona'),
('Palafrugell', 'Baix Empordà', 'Girona'),
('Palamós', 'Baix Empordà', 'Girona'),
('Palau d\'Anglesola, el', 'Pla d\'Urgell', 'Lleida'),
('Palau de Santa Eulàlia', 'Alt Empordà', 'Girona'),
('Palau-sator', 'Baix Empordà', 'Girona'),
('Palau-saverdera', 'Alt Empordà', 'Girona'),
('Palau-solità i Plegamans', 'Vallès Occidental', 'Barcelona'),
('Pallaresos, els', 'Tarragonès', 'Tarragona'),
('Pallejà', 'Baix Llobregat', 'Barcelona'),
('Palma d\'Ebre, la', 'Ribera d\'Ebre', 'Tarragona'),
('Palma de Cervelló, la', 'Baix Llobregat', 'Barcelona'),
('Palol de Revardit', 'Pla de l\'Estany', 'Girona'),
('Pals', 'Baix Empordà', 'Girona'),
('Papiol, el', 'Baix Llobregat', 'Barcelona'),
('Pardines', 'Ripollès', 'Girona'),
('Parets del Vallès', 'Vallès Oriental', 'Barcelona'),
('Parlavà', 'Baix Empordà', 'Girona'),
('Passanant i Belltall', 'Conca de Barberà', 'Tarragona'),
('Pau', 'Alt Empordà', 'Girona'),
('Paüls', 'Baix Ebre', 'Tarragona'),
('Pedret i Marzà', 'Alt Empordà', 'Girona'),
('Penelles', 'Noguera', 'Lleida'),
('Pera, la', 'Baix Empordà', 'Girona'),
('Perafita', 'Osona', 'Barcelona'),
('Perafort', 'Tarragonès', 'Tarragona'),
('Peralada', 'Alt Empordà', 'Girona'),
('Peramola', 'Alt Urgell', 'Lleida'),
('Perelló, el', 'Baix Ebre', 'Tarragona'),
('Piera', 'Anoia', 'Barcelona'),
('Piles, les', 'Conca de Barberà', 'Tarragona'),
('Pineda de Mar', 'Maresme', 'Barcelona'),
('Pinell de Brai, el', 'Terra Alta', 'Tarragona'),
('Pinell de Solsonès', 'Solsonès', 'Lleida'),
('Pinós', 'Solsonès', 'Lleida'),
('Pira', 'Conca de Barberà', 'Tarragona'),
('Pla de Santa Maria, el', 'Alt Camp', 'Tarragona'),
('Pla del Penedès, el', 'Alt Penedès', 'Barcelona'),
('Planes d\'Hostoles, les', 'Garrotxa', 'Girona'),
('Planoles', 'Ripollès', 'Girona'),
('Plans de Sió, els', 'Segarra', 'Lleida'),
('Poal, el', 'Pla d\'Urgell', 'Lleida'),
('Pobla de Cérvoles, la', 'Garrigues', 'Lleida'),
('Pobla de Claramunt, la', 'Anoia', 'Barcelona'),
('Pobla de Lillet, la', 'Berguedà', 'Barcelona'),
('Pobla de Mafumet, la', 'Tarragonès', 'Tarragona'),
('Pobla de Massaluca, la', 'Terra Alta', 'Tarragona'),
('Pobla de Montornès, la', 'Tarragonès', 'Tarragona'),
('Pobla de Segur, la', 'Pallars Jussà', 'Lleida'),
('Poboleda', 'Priorat', 'Tarragona'),
('Polinyà', 'Vallès Occidental', 'Barcelona'),
('Pont d\'Armentera, el', 'Alt Camp', 'Tarragona'),
('Pont de Bar, el', 'Alt Urgell', 'Lleida'),
('Pont de Molins', 'Alt Empordà', 'Girona'),
('Pont de Suert, el', 'Alta Ribagorça', 'Lleida'),
('Pont de Vilomara i Rocafort, el', 'Bages', 'Barcelona'),
('Pontils', 'Conca de Barberà', 'Tarragona'),
('Pontons', 'Alt Penedès', 'Barcelona'),
('Pontós', 'Alt Empordà', 'Girona'),
('Ponts', 'Noguera', 'Lleida'),
('Porqueres', 'Pla de l\'Estany', 'Girona'),
('Porrera', 'Priorat', 'Tarragona'),
('Port de la Selva, el', 'Alt Empordà', 'Girona'),
('Portbou', 'Alt Empordà', 'Girona'),
('Portella, la', 'Segrià', 'Lleida'),
('Pradell de la Teixeta', 'Priorat', 'Tarragona'),
('Prades', 'Baix Camp', 'Tarragona'),
('Prat de Comte', 'Terra Alta', 'Tarragona'),
('Prat de Llobregat, el', 'Baix Llobregat', 'Barcelona'),
('Pratdip', 'Baix Camp', 'Tarragona'),
('Prats de Lluçanès', 'Osona', 'Barcelona'),
('Prats de Rei, els', 'Anoia', 'Barcelona'),
('Prats i Sansor', 'Cerdanya', 'Lleida'),
('Preixana', 'Urgell', 'Lleida'),
('Preixens', 'Noguera', 'Lleida'),
('Premià de Dalt', 'Maresme', 'Barcelona'),
('Premià de Mar', 'Maresme', 'Barcelona'),
('Preses, les', 'Garrotxa', 'Girona'),
('Prullans', 'Cerdanya', 'Lleida'),
('Puig-reig', 'Berguedà', 'Barcelona'),
('Puigcerdà', 'Cerdanya', 'Girona'),
('Puigdàlber', 'Alt Penedès', 'Barcelona'),
('Puiggròs', 'Garrigues', 'Lleida'),
('Puigpelat', 'Alt Camp', 'Tarragona'),
('Puigverd d\'Agramunt', 'Urgell', 'Lleida'),
('Puigverd de Lleida', 'Segrià', 'Lleida'),
('Pujalt', 'Anoia', 'Barcelona'),
('Quar, la', 'Berguedà', 'Barcelona'),
('Quart', 'Gironès', 'Girona'),
('Queralbs', 'Ripollès', 'Girona'),
('Querol', 'Alt Camp', 'Tarragona'),
('Rabós', 'Alt Empordà', 'Girona'),
('Rajadell', 'Bages', 'Barcelona'),
('Ràpita, la', 'Montsià', 'Tarragona'),
('Rasquera', 'Ribera d\'Ebre', 'Tarragona'),
('Regencós', 'Baix Empordà', 'Girona'),
('Rellinars', 'Vallès Occidental', 'Barcelona'),
('Renau', 'Tarragonès', 'Tarragona'),
('Reus', 'Baix Camp', 'Tarragona'),
('Rialp', 'Pallars Sobirà', 'Lleida'),
('Riba-roja d\'Ebre', 'Ribera d\'Ebre', 'Tarragona'),
('Riba, la', 'Alt Camp', 'Tarragona'),
('Ribera d\'Ondara', 'Segarra', 'Lleida'),
('Ribera d\'Urgellet', 'Alt Urgell', 'Lleida'),
('Ribes de Freser', 'Ripollès', 'Girona'),
('Riells i Viabrea', 'Selva', 'Girona'),
('Riera de Gaià, la', 'Tarragonès', 'Tarragona'),
('Riner', 'Solsonès', 'Lleida'),
('Ripoll', 'Ripollès', 'Girona'),
('Ripollet', 'Vallès Occidental', 'Barcelona'),
('Riu de Cerdanya', 'Cerdanya', 'Lleida'),
('Riudarenes', 'Selva', 'Girona'),
('Riudaura', 'Garrotxa', 'Girona'),
('Riudecanyes', 'Baix Camp', 'Tarragona'),
('Riudecols', 'Baix Camp', 'Tarragona'),
('Riudellots de la Selva', 'Selva', 'Girona'),
('Riudoms', 'Baix Camp', 'Tarragona'),
('Riumors', 'Alt Empordà', 'Girona'),
('Roca del Vallès, la', 'Vallès Oriental', 'Barcelona'),
('Rocafort de Queralt', 'Conca de Barberà', 'Tarragona'),
('Roda de Berà', 'Tarragonès', 'Tarragona'),
('Roda de Ter', 'Osona', 'Barcelona'),
('Rodonyà', 'Alt Camp', 'Tarragona'),
('Roquetes', 'Baix Ebre', 'Tarragona'),
('Roses', 'Alt Empordà', 'Girona'),
('Rosselló', 'Segrià', 'Lleida'),
('Rourell, el', 'Alt Camp', 'Tarragona'),
('Rubí', 'Vallès Occidental', 'Barcelona'),
('Rubió', 'Anoia', 'Barcelona'),
('Rupià', 'Baix Empordà', 'Girona'),
('Rupit i Pruit', 'Osona', 'Barcelona'),
('Sabadell', 'Vallès Occidental', 'Barcelona'),
('Sagàs', 'Berguedà', 'Barcelona'),
('Salàs de Pallars', 'Pallars Jussà', 'Lleida'),
('Saldes', 'Berguedà', 'Barcelona'),
('Sales de Llierca', 'Garrotxa', 'Girona'),
('Sallent', 'Bages', 'Barcelona'),
('Salomó', 'Tarragonès', 'Tarragona'),
('Salou', 'Tarragonès', 'Tarragona'),
('Salt', 'Gironès', 'Girona'),
('Sanaüja', 'Segarra', 'Lleida'),
('Sant Adrià de Besòs', 'Barcelonès', 'Barcelona'),
('Sant Agustí de Lluçanès', 'Osona', 'Barcelona'),
('Sant Andreu de la Barca', 'Baix Llobregat', 'Barcelona'),
('Sant Andreu de Llavaneres', 'Maresme', 'Barcelona'),
('Sant Andreu Salou', 'Gironès', 'Girona'),
('Sant Aniol de Finestres', 'Garrotxa', 'Girona'),
('Sant Antoni de Vilamajor', 'Vallès Oriental', 'Barcelona'),
('Sant Bartomeu del Grau', 'Osona', 'Barcelona'),
('Sant Boi de Llobregat', 'Baix Llobregat', 'Barcelona'),
('Sant Boi de Lluçanès', 'Osona', 'Barcelona'),
('Sant Cebrià de Vallalta', 'Maresme', 'Barcelona'),
('Sant Celoni', 'Vallès Oriental', 'Barcelona'),
('Sant Climent de Llobregat', 'Baix Llobregat', 'Barcelona'),
('Sant Climent Sescebes', 'Alt Empordà', 'Girona'),
('Sant Cugat del Vallès', 'Vallès Occidental', 'Barcelona'),
('Sant Cugat Sesgarrigues', 'Alt Penedès', 'Barcelona'),
('Sant Esteve de la Sarga', 'Pallars Jussà', 'Lleida'),
('Sant Esteve de Palautordera', 'Vallès Oriental', 'Barcelona'),
('Sant Esteve Sesrovires', 'Baix Llobregat', 'Barcelona'),
('Sant Feliu de Buixalleu', 'Selva', 'Girona'),
('Sant Feliu de Codines', 'Vallès Oriental', 'Barcelona'),
('Sant Feliu de Guíxols', 'Baix Empordà', 'Girona'),
('Sant Feliu de Llobregat', 'Baix Llobregat', 'Barcelona'),
('Sant Feliu de Pallerols', 'Garrotxa', 'Girona'),
('Sant Feliu Sasserra', 'Bages', 'Barcelona'),
('Sant Ferriol', 'Garrotxa', 'Girona'),
('Sant Fost de Campsentelles', 'Vallès Oriental', 'Barcelona'),
('Sant Fruitós de Bages', 'Bages', 'Barcelona'),
('Sant Gregori', 'Gironès', 'Girona'),
('Sant Guim de Freixenet', 'Segarra', 'Lleida'),
('Sant Guim de la Plana', 'Segarra', 'Lleida'),
('Sant Hilari Sacalm', 'Selva', 'Girona'),
('Sant Hipòlit de Voltregà', 'Osona', 'Barcelona'),
('Sant Iscle de Vallalta', 'Maresme', 'Barcelona'),
('Sant Jaume d\'Enveja', 'Montsià', 'Tarragona'),
('Sant Jaume de Frontanyà', 'Berguedà', 'Barcelona'),
('Sant Jaume de Llierca', 'Garrotxa', 'Girona'),
('Sant Jaume dels Domenys', 'Baix Penedès', 'Tarragona'),
('Sant Joan de les Abadesses', 'Ripollès', 'Girona'),
('Sant Joan de Mollet', 'Gironès', 'Girona'),
('Sant Joan de Vilatorrada', 'Bages', 'Barcelona'),
('Sant Joan Despí', 'Baix Llobregat', 'Barcelona'),
('Sant Joan les Fonts', 'Garrotxa', 'Girona'),
('Sant Jordi Desvalls', 'Gironès', 'Girona'),
('Sant Julià de Cerdanyola', 'Berguedà', 'Barcelona'),
('Sant Julià de Ramis', 'Gironès', 'Girona'),
('Sant Julià de Vilatorta', 'Osona', 'Barcelona'),
('Sant Julià del Llor i Bonmatí', 'Selva', 'Girona'),
('Sant Just Desvern', 'Baix Llobregat', 'Barcelona'),
('Sant Llorenç d\'Hortons', 'Alt Penedès', 'Barcelona'),
('Sant Llorenç de la Muga', 'Alt Empordà', 'Girona'),
('Sant Llorenç de Morunys', 'Solsonès', 'Lleida'),
('Sant Llorenç Savall', 'Vallès Occidental', 'Barcelona'),
('Sant Martí d\'Albars', 'Osona', 'Barcelona'),
('Sant Martí de Centelles', 'Osona', 'Barcelona'),
('Sant Martí de Llémena', 'Gironès', 'Girona'),
('Sant Martí de Riucorb', 'Urgell', 'Lleida'),
('Sant Martí de Tous', 'Anoia', 'Barcelona'),
('Sant Martí Sarroca', 'Alt Penedès', 'Barcelona'),
('Sant Martí Sesgueioles', 'Anoia', 'Barcelona'),
('Sant Martí Vell', 'Gironès', 'Girona'),
('Sant Mateu de Bages', 'Bages', 'Barcelona'),
('Sant Miquel de Campmajor', 'Pla de l\'Estany', 'Girona'),
('Sant Miquel de Fluvià', 'Alt Empordà', 'Girona'),
('Sant Mori', 'Alt Empordà', 'Girona'),
('Sant Pau de Segúries', 'Ripollès', 'Girona'),
('Sant Pere de Ribes', 'Garraf', 'Barcelona'),
('Sant Pere de Riudebitlles', 'Alt Penedès', 'Barcelona'),
('Sant Pere de Torelló', 'Osona', 'Barcelona'),
('Sant Pere de Vilamajor', 'Vallès Oriental', 'Barcelona'),
('Sant Pere Pescador', 'Alt Empordà', 'Girona'),
('Sant Pere Sallavinera', 'Anoia', 'Barcelona'),
('Sant Pol de Mar', 'Maresme', 'Barcelona'),
('Sant Quintí de Mediona', 'Alt Penedès', 'Barcelona'),
('Sant Quirze de Besora', 'Osona', 'Barcelona'),
('Sant Quirze del Vallès', 'Vallès Occidental', 'Barcelona'),
('Sant Quirze Safaja', 'Moianès', 'Barcelona'),
('Sant Ramon', 'Segarra', 'Lleida'),
('Sant Sadurní d\'Anoia', 'Alt Penedès', 'Barcelona'),
('Sant Sadurní d\'Osormort', 'Osona', 'Barcelona'),
('Sant Salvador de Guardiola', 'Bages', 'Barcelona'),
('Sant Vicenç de Castellet', 'Bages', 'Barcelona'),
('Sant Vicenç de Montalt', 'Maresme', 'Barcelona'),
('Sant Vicenç de Torelló', 'Osona', 'Barcelona'),
('Sant Vicenç dels Horts', 'Baix Llobregat', 'Barcelona'),
('Santa Bàrbara', 'Montsià', 'Tarragona'),
('Santa Cecília de Voltregà', 'Osona', 'Barcelona'),
('Santa Coloma de Cervelló', 'Baix Llobregat', 'Barcelona'),
('Santa Coloma de Farners', 'Selva', 'Girona'),
('Santa Coloma de Gramenet', 'Barcelonès', 'Barcelona'),
('Santa Coloma de Queralt', 'Conca de Barberà', 'Tarragona'),
('Santa Cristina d\'Aro', 'Baix Empordà', 'Girona'),
('Santa Eugènia de Berga', 'Osona', 'Barcelona'),
('Santa Eulàlia de Riuprimer', 'Osona', 'Barcelona'),
('Santa Eulàlia de Ronçana', 'Vallès Oriental', 'Barcelona'),
('Santa Fe del Penedès', 'Alt Penedès', 'Barcelona'),
('Santa Llogaia d\'Àlguema', 'Alt Empordà', 'Girona'),
('Santa Margarida de Montbui', 'Anoia', 'Barcelona'),
('Santa Margarida i els Monjos', 'Alt Penedès', 'Barcelona'),
('Santa Maria d\'Oló', 'Moianès', 'Barcelona'),
('Santa Maria de Besora', 'Osona', 'Barcelona'),
('Santa Maria de Martorelles', 'Vallès Oriental', 'Barcelona'),
('Santa Maria de Merlès', 'Berguedà', 'Barcelona'),
('Santa Maria de Miralles', 'Anoia', 'Barcelona'),
('Santa Maria de Palautordera', 'Vallès Oriental', 'Barcelona'),
('Santa Oliva', 'Baix Penedès', 'Tarragona'),
('Santa Pau', 'Garrotxa', 'Girona'),
('Santa Perpètua de Mogoda', 'Vallès Occidental', 'Barcelona'),
('Santa Susanna', 'Maresme', 'Barcelona'),
('Santpedor', 'Bages', 'Barcelona'),
('Sarral', 'Conca de Barberà', 'Tarragona'),
('Sarrià de Ter', 'Gironès', 'Girona'),
('Sarroca de Bellera', 'Pallars Jussà', 'Lleida'),
('Sarroca de Lleida', 'Segrià', 'Lleida'),
('Saus, Camallera i Llampaies', 'Alt Empordà', 'Girona'),
('Savallà del Comtat', 'Conca de Barberà', 'Tarragona'),
('Secuita, la', 'Tarragonès', 'Tarragona'),
('Selva de Mar, la', 'Alt Empordà', 'Girona'),
('Selva del Camp, la', 'Baix Camp', 'Tarragona'),
('Senan', 'Conca de Barberà', 'Tarragona'),
('Sénia, la', 'Montsià', 'Tarragona'),
('Senterada', 'Pallars Jussà', 'Lleida'),
('Sentiu de Sió, la', 'Noguera', 'Lleida'),
('Sentmenat', 'Vallès Occidental', 'Barcelona'),
('Serinyà', 'Pla de l\'Estany', 'Girona'),
('Seròs', 'Segrià', 'Lleida'),
('Serra de Daró', 'Baix Empordà', 'Girona'),
('Setcases', 'Ripollès', 'Girona'),
('Seu d\'Urgell, la', 'Alt Urgell', 'Lleida'),
('Seva', 'Osona', 'Barcelona'),
('Sidamon', 'Pla d\'Urgell', 'Lleida'),
('Sils', 'Selva', 'Girona'),
('Sitges', 'Garraf', 'Barcelona'),
('Siurana', 'Alt Empordà', 'Girona'),
('Sobremunt', 'Osona', 'Barcelona'),
('Soleràs, el', 'Garrigues', 'Lleida'),
('Solivella', 'Conca de Barberà', 'Tarragona'),
('Solsona', 'Solsonès', 'Lleida'),
('Sora', 'Osona', 'Barcelona'),
('Soriguera', 'Pallars Sobirà', 'Lleida'),
('Sort', 'Pallars Sobirà', 'Lleida'),
('Soses', 'Segrià', 'Lleida'),
('Subirats', 'Alt Penedès', 'Barcelona'),
('Sudanell', 'Segrià', 'Lleida'),
('Sunyer', 'Segrià', 'Lleida'),
('Súria', 'Bages', 'Barcelona'),
('Susqueda', 'Selva', 'Girona'),
('Tagamanent', 'Vallès Oriental', 'Barcelona'),
('Talamanca', 'Bages', 'Barcelona'),
('Talarn', 'Pallars Jussà', 'Lleida'),
('Talavera', 'Segarra', 'Lleida'),
('Tallada d\'Empordà, la', 'Baix Empordà', 'Girona'),
('Taradell', 'Osona', 'Barcelona'),
('Tarragona', 'Tarragonès', 'Tarragona'),
('Tàrrega', 'Urgell', 'Lleida'),
('Tarrés', 'Garrigues', 'Lleida'),
('Tarroja de Segarra', 'Segarra', 'Lleida'),
('Tavèrnoles', 'Osona', 'Barcelona'),
('Tavertet', 'Osona', 'Barcelona'),
('Teià', 'Maresme', 'Barcelona'),
('Térmens', 'Noguera', 'Lleida'),
('Terrades', 'Alt Empordà', 'Girona'),
('Terrassa', 'Vallès Occidental', 'Barcelona'),
('Tiana', 'Maresme', 'Barcelona'),
('Tírvia', 'Pallars Sobirà', 'Lleida'),
('Tiurana', 'Noguera', 'Lleida'),
('Tivenys', 'Baix Ebre', 'Tarragona'),
('Tivissa', 'Ribera d\'Ebre', 'Tarragona'),
('Tona', 'Osona', 'Barcelona'),
('Torà', 'Segarra', 'Lleida'),
('Tordera', 'Maresme', 'Barcelona'),
('Torelló', 'Osona', 'Barcelona'),
('Torms, els', 'Garrigues', 'Lleida'),
('Tornabous', 'Urgell', 'Lleida'),
('Torre de Cabdella, la', 'Pallars Jussà', 'Lleida'),
('Torre de Claramunt, la', 'Anoia', 'Barcelona'),
('Torre de Fontaubella, la', 'Priorat', 'Tarragona'),
('Torre de l\'Espanyol, la', 'Ribera d\'Ebre', 'Tarragona'),
('Torre-serona', 'Segrià', 'Lleida'),
('Torrebesses', 'Segrià', 'Lleida'),
('Torredembarra', 'Tarragonès', 'Tarragona'),
('Torrefarrera', 'Segrià', 'Lleida'),
('Torrefeta i Florejacs', 'Segarra', 'Lleida'),
('Torregrossa', 'Pla d\'Urgell', 'Lleida'),
('Torrelameu', 'Noguera', 'Lleida'),
('Torrelavit', 'Alt Penedès', 'Barcelona'),
('Torrelles de Foix', 'Alt Penedès', 'Barcelona'),
('Torrelles de Llobregat', 'Baix Llobregat', 'Barcelona'),
('Torrent', 'Baix Empordà', 'Girona'),
('Torres de Segre', 'Segrià', 'Lleida'),
('Torroella de Fluvià', 'Alt Empordà', 'Girona'),
('Torroella de Montgrí', 'Baix Empordà', 'Girona'),
('Torroja del Priorat', 'Priorat', 'Tarragona'),
('Tortellà', 'Garrotxa', 'Girona'),
('Tortosa', 'Baix Ebre', 'Tarragona'),
('Toses', 'Ripollès', 'Girona'),
('Tossa de Mar', 'Selva', 'Girona'),
('Tremp', 'Pallars Jussà', 'Lleida'),
('Ullà', 'Baix Empordà', 'Girona'),
('Ullastrell', 'Vallès Occidental', 'Barcelona'),
('Ullastret', 'Baix Empordà', 'Girona'),
('Ulldecona', 'Montsià', 'Tarragona'),
('Ulldemolins', 'Priorat', 'Tarragona'),
('Ultramort', 'Baix Empordà', 'Girona'),
('Urús', 'Cerdanya', 'Girona'),
('Vacarisses', 'Vallès Occidental', 'Barcelona'),
('Vajol, la', 'Alt Empordà', 'Girona'),
('Vall d\'en Bas, la', 'Garrotxa', 'Girona'),
('Vall de Bianya, la', 'Garrotxa', 'Girona'),
('Vall de Boí, la', 'Alta Ribagorça', 'Lleida'),
('Vall de Cardós', 'Pallars Sobirà', 'Lleida'),
('Vall-llobrega', 'Baix Empordà', 'Girona'),
('Vallbona d\'Anoia', 'Anoia', 'Barcelona'),
('Vallbona de les Monges', 'Urgell', 'Lleida'),
('Vallcebre', 'Berguedà', 'Barcelona'),
('Vallclara', 'Conca de Barberà', 'Tarragona'),
('Vallfogona de Balaguer', 'Noguera', 'Lleida'),
('Vallfogona de Ripollès', 'Ripollès', 'Girona'),
('Vallfogona de Riucorb', 'Conca de Barberà', 'Tarragona'),
('Vallgorguina', 'Vallès Oriental', 'Barcelona'),
('Vallirana', 'Baix Llobregat', 'Barcelona'),
('Vallmoll', 'Alt Camp', 'Tarragona'),
('Vallromanes', 'Vallès Oriental', 'Barcelona'),
('Valls', 'Alt Camp', 'Tarragona'),
('Valls d\'Aguilar, les', 'Alt Urgell', 'Lleida'),
('Valls de Valira, les', 'Alt Urgell', 'Lleida'),
('Vandellòs i l\'Hospitalet de l\'Infant', 'Baix Camp', 'Tarragona'),
('Vansa i Fórnols, la', 'Alt Urgell', 'Lleida'),
('Veciana', 'Anoia', 'Barcelona'),
('Vendrell, el', 'Baix Penedès', 'Tarragona'),
('Ventalló', 'Alt Empordà', 'Girona'),
('Verdú', 'Urgell', 'Lleida'),
('Verges', 'Baix Empordà', 'Girona'),
('Vespella de Gaià', 'Tarragonès', 'Tarragona'),
('Vic', 'Osona', 'Barcelona'),
('Vidrà', 'Osona', 'Barcelona'),
('Vidreres', 'Selva', 'Girona'),
('Vielha e Mijaran', 'Aran', 'Lleida'),
('Vila-rodona', 'Alt Camp', 'Tarragona'),
('Vila-sacra', 'Alt Empordà', 'Girona'),
('Vila-sana', 'Pla d\'Urgell', 'Lleida'),
('Vila-seca', 'Tarragonès', 'Tarragona'),
('Vilabella', 'Alt Camp', 'Tarragona'),
('Vilabertran', 'Alt Empordà', 'Girona'),
('Vilablareix', 'Gironès', 'Girona'),
('Vilada', 'Berguedà', 'Barcelona'),
('Viladamat', 'Alt Empordà', 'Girona'),
('Viladasens', 'Gironès', 'Girona'),
('Viladecans', 'Baix Llobregat', 'Barcelona'),
('Viladecavalls', 'Vallès Occidental', 'Barcelona'),
('Vilademuls', 'Pla de l\'Estany', 'Girona'),
('Viladrau', 'Osona', 'Barcelona'),
('Vilafant', 'Alt Empordà', 'Girona'),
('Vilafranca del Penedès', 'Alt Penedès', 'Barcelona'),
('Vilagrassa', 'Urgell', 'Lleida'),
('Vilajuïga', 'Alt Empordà', 'Girona'),
('Vilalba dels Arcs', 'Terra Alta', 'Tarragona'),
('Vilalba Sasserra', 'Vallès Oriental', 'Barcelona'),
('Vilaller', 'Alta Ribagorça', 'Lleida'),
('Vilallonga de Ter', 'Ripollès', 'Girona'),
('Vilallonga del Camp', 'Tarragonès', 'Tarragona'),
('Vilamacolum', 'Alt Empordà', 'Girona'),
('Vilamalla', 'Alt Empordà', 'Girona'),
('Vilamaniscle', 'Alt Empordà', 'Girona'),
('Vilamòs', 'Aran', 'Lleida'),
('Vilanant', 'Alt Empordà', 'Girona'),
('Vilanova d\'Escornalbou', 'Baix Camp', 'Tarragona'),
('Vilanova de Bellpuig', 'Pla d\'Urgell', 'Lleida'),
('Vilanova de l\'Aguda', 'Noguera', 'Lleida'),
('Vilanova de la Barca', 'Segrià', 'Lleida'),
('Vilanova de Meià', 'Noguera', 'Lleida'),
('Vilanova de Prades', 'Conca de Barberà', 'Tarragona'),
('Vilanova de Sau', 'Osona', 'Barcelona'),
('Vilanova de Segrià', 'Segrià', 'Lleida'),
('Vilanova del Camí', 'Anoia', 'Barcelona'),
('Vilanova del Vallès', 'Vallès Oriental', 'Barcelona'),
('Vilanova i la Geltrú', 'Garraf', 'Barcelona'),
('Vilaplana', 'Baix Camp', 'Tarragona'),
('Vilassar de Dalt', 'Maresme', 'Barcelona'),
('Vilassar de Mar', 'Maresme', 'Barcelona'),
('Vilaür', 'Alt Empordà', 'Girona'),
('Vilaverd', 'Conca de Barberà', 'Tarragona'),
('Vilella Alta, la', 'Priorat', 'Tarragona'),
('Vilella Baixa, la', 'Priorat', 'Tarragona'),
('Vilobí d\'Onyar', 'Selva', 'Girona'),
('Vilobí del Penedès', 'Alt Penedès', 'Barcelona'),
('Vilopriu', 'Baix Empordà', 'Girona'),
('Vilosell, el', 'Garrigues', 'Lleida'),
('Vimbodí i Poblet', 'Conca de Barberà', 'Tarragona'),
('Vinaixa', 'Garrigues', 'Lleida'),
('Vinebre', 'Ribera d\'Ebre', 'Tarragona'),
('Vinyols i els Arcs', 'Baix Camp', 'Tarragona'),
('Viver i Serrateix', 'Berguedà', 'Barcelona'),
('Xerta', 'Baix Ebre', 'Tarragona');

-- --------------------------------------------------------

--
-- Estructura de la taula `vots`
--

CREATE TABLE `vots` (
  `partit` varchar(20) NOT NULL,
  `poblacio` varchar(200) NOT NULL,
  `vots` int NOT NULL
) ENGINE=InnoDB DEFAULT CHARSET=utf8mb4 COLLATE=utf8mb4_general_ci;

--
-- Índexs per a les taules bolcades
--

--
-- Índexs per a la taula `candidatures`
--
ALTER TABLE `candidatures`
  ADD UNIQUE KEY `representacio` (`partit`,`demarcacio`),
  ADD KEY `demarcacio` (`demarcacio`);

--
-- Índexs per a la taula `comarques`
--
ALTER TABLE `comarques`
  ADD PRIMARY KEY (`comarca`);

--
-- Índexs per a la taula `demarcacions`
--
ALTER TABLE `demarcacions`
  ADD PRIMARY KEY (`nom`);

--
-- Índexs per a la taula `escons`
--
ALTER TABLE `escons`
  ADD UNIQUE KEY `partit` (`partit`,`demarcacio`),
  ADD KEY `demarcacio` (`demarcacio`);

--
-- Índexs per a la taula `partits`
--
ALTER TABLE `partits`
  ADD PRIMARY KEY (`curt`);

--
-- Índexs per a la taula `poblacions`
--
ALTER TABLE `poblacions`
  ADD PRIMARY KEY (`poblacio`),
  ADD KEY `demarcacio` (`demarcacio`),
  ADD KEY `comarca` (`comarca`);

--
-- Índexs per a la taula `vots`
--
ALTER TABLE `vots`
  ADD KEY `partit` (`partit`),
  ADD KEY `poblacio` (`poblacio`);

--
-- Restriccions per a les taules bolcades
--

--
-- Restriccions per a la taula `candidatures`
--
ALTER TABLE `candidatures`
  ADD CONSTRAINT `candidatures_ibfk_1` FOREIGN KEY (`demarcacio`) REFERENCES `demarcacions` (`nom`) ON DELETE RESTRICT ON UPDATE CASCADE,
  ADD CONSTRAINT `candidatures_ibfk_2` FOREIGN KEY (`partit`) REFERENCES `partits` (`curt`) ON DELETE RESTRICT ON UPDATE CASCADE;

--
-- Restriccions per a la taula `escons`
--
ALTER TABLE `escons`
  ADD CONSTRAINT `escons_ibfk_1` FOREIGN KEY (`demarcacio`) REFERENCES `demarcacions` (`nom`) ON UPDATE CASCADE,
  ADD CONSTRAINT `escons_ibfk_2` FOREIGN KEY (`partit`) REFERENCES `partits` (`curt`) ON UPDATE CASCADE;

--
-- Restriccions per a la taula `poblacions`
--
ALTER TABLE `poblacions`
  ADD CONSTRAINT `poblacions_ibfk_1` FOREIGN KEY (`demarcacio`) REFERENCES `demarcacions` (`nom`) ON DELETE RESTRICT ON UPDATE CASCADE,
  ADD CONSTRAINT `poblacions_ibfk_2` FOREIGN KEY (`comarca`) REFERENCES `comarques` (`comarca`) ON DELETE RESTRICT ON UPDATE CASCADE;

--
-- Restriccions per a la taula `vots`
--
ALTER TABLE `vots`
  ADD CONSTRAINT `vots_ibfk_1` FOREIGN KEY (`partit`) REFERENCES `partits` (`curt`) ON UPDATE CASCADE,
  ADD CONSTRAINT `vots_ibfk_2` FOREIGN KEY (`poblacio`) REFERENCES `poblacions` (`poblacio`) ON DELETE RESTRICT ON UPDATE CASCADE;
COMMIT;

/*!40101 SET CHARACTER_SET_CLIENT=@OLD_CHARACTER_SET_CLIENT */;
/*!40101 SET CHARACTER_SET_RESULTS=@OLD_CHARACTER_SET_RESULTS */;
/*!40101 SET COLLATION_CONNECTION=@OLD_COLLATION_CONNECTION */;
